title,quote,star,movieInfo
Ф˵ľ/The Shawshank Redemption/ºڸ߷()  /  ̼1995(̨),ϣɡ,9.6,"                            : ˡ Frank Darabont: ķޱ˹ Tim Robbins /...;                            1994//                         ;                                ;                            "
ط֤/Witness for the Prosecution/۲ΰ  /  鸾,Ʒ,9.6,"                            :  Billy Wilder: ˹Ͷ Charles Laughton / ...;                            1957//                          ;                                ;                            "
/ټҵ  /  Farewell My Concubine,绪,9.5,"                            : ¿ Kaige Chen: Ź Leslie Cheung / ŷ Fengyi Zha...;                            1993/й½ /  ͬ                        ;                                ;                            "
/La vita  bella/һֵĴ˵()  /  Life Is Beautiful,Ļԡ,9.5,"                            : ޲С Roberto Benigni: ޲С Roberto Beni...;                            1997// ϲ  ս                        ;                                ;                            "
ɱֲ̫/Lon/ɱ  /  ռ׷ɱ(̨),С򲻵ò˵Ĺ¡,9.4,"                            : ˡ Luc Besson: áŵ Jean Reno /  ...;                            1994//                          ;                                ;                            "
/Forrest Gump/˹ء,һִʷ,9.4,"                            : Robert Zemeckis: Tom Hanks / Robin Wright Penn / Gary Sinise;                            1994//                         ;                                ;                            "
յ/Schindler's List/()  /  ,һˣ硣,9.4,"                            : ʷġ˹Ƥ Steven Spielberg: ķɭ Liam Neeson...;                            1993// ʷ ս                        ;                                ;                            "
ܶԱ/WALLE/(̨)  /  ̫E(),С,9.3,"                            : ³˹̹ Andrew Stanton:  Ben Burtt / ...;                            2008//ϲ  ƻ  ð                        ;                                ;                            "
ʮŭ/12 Angry Men/12ŭ  /  ʮŭ,1957塣 ,9.3,"                            : Sidney Lumet:  Henry Fonda / ķ Marti...;                            1957//                        ;                                ;                            "
/The Cove/Ѫɫ(̨)  /  ,΢Цαװ,9.3,"                            : Louie Psihoyos: John Chisholm / Mandy-Rae Cruikshank / Char...;                            2009//¼Ƭ                        ;                                ;                            "
ǧǧѰ/ǧǧL/Ů(̨)  /  Spirited Away,õĹ鿥õľʯá ,9.2,"                            : 鿥 Hayao Miyazaki:  Rumi Hragi / Ұ Miy...;                            2001/ձ/                          ;                                ;                            "
̩̹˺/Titanic/( / ̨),ʧȥĲġ ,9.2,"                            : ղķ˹÷¡ James Cameron: ɶࡤϿ Leonardo...;                            1997//                          ;                                ;                            "
οռ/Inception/Ǳ׼()  /  ȫ(̨),ŵһ޷ȡΡ,9.2,"                            : ˹иŵ Christopher Nolan: ɶࡤϿ Le...;                            2010/ Ӣ/  ƻ  ð                        ;                                ;                            "
ϸʦ/La leggenda del pianista sull'oceano/ҷ(̨)  /  һĴ(),ÿ˶ҪһԼᶨ˵·Ƿǡ ,9.2,"                            : 塤ɶ Giuseppe Tornatore: ķ˹ Tim Roth / ...;                            1998//                         ;                                ;                            "
ţĴ/Les choristes/()  /  ʫк,һͯӽϵ۵Ĵڡ ,9.2,"                            : ˹з򡤰 Christophe Barratier: ŵ Gra...;                            2004/ ʿ ¹/                         ;                                ;                            "
Ȯ˹Ĺ/Hachi: A Dog's Tale/ȮС(̨)  /  Ȯǧ(),Զˡ,9.2,"                            : ˹ķ Lasse Hallstrm: 顤 Richard Ger...;                            2009/ Ӣ/                        ;                                ;                            "
̸/The Godfather/Mario Puzo's The Godfather,ǧҪǺĶ֣ʧȥǡ,9.2,"                            : ˹ءƲ Francis Ford Coppola:  M...;                            1972//                         ;                                ;                            "
/Gone with the Wind/Ʈ,Tomorrow is another day.,9.2,"                            : Victor Fleming / George Cukor: ˡǲ Clark Gable / ...;                            1939//  ս                        ;                                ;                            "
¯//ź()  /  ,һ·սΪ˸ı磬Ϊ˲ıǡ,9.2,"                            : ƶ Dong-hyuk Hwang: ٧ Yoo Gong / ֣ Yu-mi Jeong ...;                            2011//                        ;                                ;                            "
칬/칬 ¼  /  The Monkey King,֮¡,9.2,"                            :  Laiming Wan / Ƴ Cheng  Tang:  Yuefeng Qiu /...;                            1961(ϼ) / 1964(¼) / 1978(ȫ) / 2004()/й½/                         ;                                ;                            "
"Ħʱ/Modern Times/The Masses  /  Temps modernes, Les",ʱеСıϲ,9.2,"                            : ׿ Charles Chaplin: ׿ Charles Chaplin ...;                            1936//ϲ                          ;                                ;                            "
/|/  /  Tokyo Story,ôһʧˣһӲ,9.2,"                            : С򰲶 Yasujir Ozu:  Chish Ry / ԭ...;                            1953/ձ/ ͥ                        ;                                ;                            "
֮/City Lights/City Lights: A Comedy Romance in Pantomime  /  Lichter der Grostadt,ԶСΰ׿֡,9.2,"                            : Charles Chaplin: ׿ Charles Chaplin / ǡ...;                            1931//ϲ                          ;                                ;                            "
ɵֱ/3 Idiots/ɵ(̨)  /  3ֵ(),Ӣ溩̰л䡣,9.1,"                            : ϣ Rajkumar Hirani: ׶ Aamir Khan / ...;                            2009/ӡ/ ϲ                          ;                                ;                            "
֮ʥȢ/۴پ֮/μƪԵ  /  ʥμ,һ,9.1,"                            : ΰ Jeffrey Lau: ǳ Stephen Chow / ϴ Man Tat Ng...;                            1995/ й½/ ð ϲ                          ;                                ;                            "
è/ȤʤΥȥȥ/ڼҵĶ  /  ڵ,жиèͯԶʧ,9.1,"                            : 鿥 Hayao Miyazaki: ո߷ Noriko Hidaka / ౾ǧ Ch...;                            1988/ձ/                         ;                                ;                            "
õӰԺ/Nuovo Cinema Paradiso/ǹ()  /  ԰(̨),ЩϷЩഺӰԺĺڰﱻˮˢޱ,9.1,"                            : 塤ɶ Giuseppe Tornatore:  Antonel...;                            1988/ /                         ;                                ;                            "
ɼ/Intouchables/()  /  ת(̨),ĸϲ硣,9.1,"                            : άǿʲ Olivier Nakache / ˡ Eric Toledano...;                            2011// ϲ                        ;                                ;                            "
ָ3޵/The Lord of the Rings: The Return of the King/ħ  /  ָIII޵,ʷʫ¡,9.1,"                            : ˵áܿѷ Peter Jackson: άĪɭ Viggo Mortensen / ...;                            2003/ /   ð                        ;                                ;                            "
/Devils on the Doorstep,Ե˵ʴȣǶԼ̡,9.1,"                            :  Wen Jiang:  Wen Jiang / 㴨֮ Teruyuki Kagawa /...;                            2000/й½/ ս                        ;                                ;                            "
籩/Das Leben der Anderen/˵  /  ˵,,9.1,"                            : ﰲ˶롤˹ Florian Henckel von Donnersmarck...;                            2006/¹/                         ;                                ;                            "
ǼʴԽ/Interstellar/Ǽʾ¼()  /  ǼЧӦ(̨),һǳԽʱո֪Ĵڡ,9.1,"                            : ˹иŵ Christopher Nolan: ޡ Matthew Mc...;                            2014/ Ӣ ô/ ƻ  ð ͥ                        ;                                ;                            "
̸2/The Godfather: Part /̸  /  ̸II,ŵĹ¶,9.1,"                            : ˹ءƲ Francis Ford Coppola: ŵ A...;                            1974//                         ;                                ;                            "
/Once Upon a Time in America/ĺֵ(̨)  /  屡(),̣޴졣,9.1,"                            : Sergio Leone: ޲ء Robert De Niro / ղķ˹ ...;                            1984/ /                         ;                                ;                            "
绤//Ȩ״()  /  绤(̨),ӰʵӰ,9.1,"                            : ˶ Woo-seok Yang: ο Kang-ho Song /  Dal-su O...;                            2013//                        ;                                ;                            "
СЬ/ /õĺ  /  СͯЬ,ܵĺʹ,9.1,"                            : ¡ Majid Majidi: Amir Farrokh Hashemian / Ĭ...;                            1999// ͥ ͯ                        ;                                ;                            "
//Ը  /  ϣΪ(̨),ܹ˺ЦģΪǲԸߵ˳һʹࡣ,9.1,"                            : F Jun-ik Lee: Ѧ Kyung-gu Sol / ־ Ji-won Uhm ...;                            2013// ͥ                        ;                                ;                            "
ʿ/ˤ/()  /  The Seven Samurai,ʱ衣,9.1,"                            :  Akira Kurosawa:  Toshir Mifune / ־ ...;                            1954/ձ/ ð                         ;                                ;                            "
Ǩ/Le peuple migrateur/Ǩ  /  η,ķ衣,9.1,"                            : ſˡ Jacques Perrin / ſˡ³µ Jacques Cluzaud:...;                            2001/ ¹   ʿ/¼Ƭ                        ;                                ;                            "
"ƽڿ/Il buono, il brutto, il cattivo./á  /  ()",Ƭ,9.1,"                            : Sergio Leone: Clint Eastwood / Eli Wallach / Lee Van Cleef;                            1966/  /ð                         ;                                ;                            "
ؼ/.../ŵļ  /  ؼ·,׸ŵĵӰ,9.1,"                            : ͢ Jeong-hyang Lee: շ Eul-boon Kim / к Seung-...;                            2002// ͯ ͥ                        ;                                ;                            "
ŵ/The Truman Show/Show()  /  Ϸ,Ҳܼ㣬ף簲簲,9,"                            : ˵á Peter Weir: 𡤿 Jim Carrey /  Lau...;                            1998//                        ;                                ;                            "
ֲ/Fight Club/()  /  ֲ(̨),аƽӹݷͬһĸ壬ضʱ以š,9,"                            :  David Fincher: »ŵ Edward Norton / ...;                            1999/ ¹/                           ;                                ;                            "
޼/o/Infernal Affairs,۵ӰʷʱĽ,9,"                            : ΰǿ / ׻: » / ΰ / ;                            2002//                          ;                                ;                            "
֮/դγǥԥ奿/Tenk no shiro Rapyuta  /  Laputa: Castle in the Sky,յ׷ֹͣ ,9,"                            : 鿥 Hayao Miyazaki: 湭 Mayumi Tanaka / β֪ ...;                            1986/ձ/  ð                        ;                                ;                            "
ɵƯ/Life of Pi/PiƯ  /  ƯPi,׳ܼۡð֮á,9,"                            :  Ang Lee: ɳ Suraj Sharma / ơ˹ Rafe Spa...;                            2012/ ̨ Ӣ ô/  ð                        ;                                ;                            "
"˴ǹ/Lock, Stock and Two Smoking Barrels/Сǿ()  /  ǹ(̨)",4ƤǡȻǸǵġ,9,"                            : Guy Ritchie: Jason Flemyng / Dexter Fletcher / Nick Moran;                            1998/Ӣ/ ϲ                         ;                                ;                            "
ڰʿ/The Dark Knight/ǰ2ڰʿ  /  ڰʿ(̨),޾ĺڰ,9,"                            : ˹иŵ Christopher Nolan: ˹ٰ Christ...;                            2008/ Ӣ/  ƻ                          ;                                ;                            "
ԽԺ/One Flew Over the Cuckoo's Nest/Խž  /  Խϲȵ,ꡣ,9,"                            : ˹ Milo Forman: ܿˡƶɭ Jack Nichols...;                            1975//                        ;                                ;                            "
/  /  Lifetimes,ıõĵӰ,9,"                            : ı Yimou Zhang:  You Ge /  Li Gong /  Wu Jiang;                            1994/й½ / ͥ                        ;                                ;                            "
ټ/The Pianist/ս  /  ս,ܻޡ,9,"                            : ˹ Roman Polanski: ﰲ Adrien Brod...;                            2002/ ¹ Ӣ /  ʷ ս                        ;                                ;                            "
ʳŮ/ʳŮ/Eat Drink Man Woman,ˣе϶׼˲¹,9,"                            :  Ang Lee: ٻ Chien-lien Wu /  Kuei-Mei Yang /...;                            1994/̨ / ͥ                        ;                                ;                            "
/Jagten/Եӡ(̨)  /  (),Կη,9,"                            : ˹ز Thomas Vinterberg: ˹׿ƶɭ Mads Mik...;                            2012/ /                        ;                                ;                            "
/Ocans/Oceans  /  ,󺣰ȫˮ,9,"                            : ſˡ Jacques Perrin / ſˡ³µ Jacques Cluzaud:...;                            2009/ ʿ   /¼Ƭ                        ;                                ;                            "
/A Perfect World/ǿ,˵ĺǱȺ˵ĺøˡ,9,"                            : ء˹ Clint Eastwood: ġ˹ Kevin Cos...;                            1993//                         ;                                ;                            "
׷/Following/׷  /  ,ŵţԴɢĿ־塣,9,"                            : ˹иŵ Christopher Nolan: ס² Jeremy...;                            1998/Ӣ/                          ;                                ;                            "
Ȯ˹/ϥ/ǧ  /  ˵Ĺ,գһ,9,"                            : Seijir Kyama: ɽ Kei Yamamoto / ־ Hisa...;                            1987/ձ/                        ;                                ;                            "
Ұ/ /  /  Late Blossom,Ҫţаڣʲô ,9,"                            :  Chang-min Choo: ں Jae-ho Song / ˳ Soon-jae...;                            2011//                         ;                                ;                            "
Ҹ/The Pursuit of Happyness/ѰҿֵĹ()  /  ׷,ƽ־Ƭ ,8.9,"                            : Ӳŵ Gabriele Muccino: ʷ˹ Will Smith ...;                            2006//  ͥ                        ;                                ;                            "
ȻĶ/Flipped/ȶഺ  /  ഺȶ,Ҹ,8.9,"                            : ޲ Rob Reiner: ա޶ Madeline Carroll / ...;                            2010// ϲ                         ;                                ;                            "
/Roman Holiday/֦Ҷ()  /  (̨),ֻһ졣,8.9,"                            :  William Wyler: ձ Audrey Hepburn / ...;                            1953//ϲ                          ;                                ;                            "
֮¹ⱦ/۵ҼҼ֮¹/μ101¹ⱦ  /  ʥμ,˸,8.9,"                            : ΰ Jeffrey Lau: ǳ Stephen Chow / ϴ Man Tat Ng...;                            1995/ й½/ϲ    ð װ                        ;                                ;                            "
ݻμ/Up/ȱ()  /  漣(̨),Щĵ飬ֵûġ ,8.9,"                            : ء Pete Docter: »˹ Edward Asner / ...;                            2009// ϲ   ð                        ;                                ;                            "
ʶŮ/Scent of a Woman/Ů  /  Ů˵ķ,ʷ̽ꡣ,8.9,"                            : ˹ Martin Brest: ŵ Al Pacino / ˹...;                            1992//                        ;                                ;                            "
/A Beautiful Mind/()  /  (̨),һ߼ԭɡ,8.9,"                            : ʡ Ron Howard: ء Russell Crowe / ղݸ...;                            2001//                         ;                                ;                            "
ָ2˫/The Lord of the Rings: The Two Towers/ħ˫ı  /  ָII˫,ǰʷʫƪ¡,8.9,"                            : ˵áܿѷ Peter Jackson: ǡ Elijah Wood / ...;                            2002/ /   ð                        ;                                ;                            "
ָ1ħ/The Lord of the Rings: The Fellowship of the Ring/ħײħ  /  ָIʹ,˵Ŀʼ,8.9,"                            : ˵áܿѷ Peter Jackson: ǡ Elijah Wood / ...;                            2001/ /   ð                        ;                                ;                            "
ʫ/Dead Poets Society/꽾()  /  绯(̨),һˮڳһԾıʱеĸվ˹Ķ档,8.9,"                            : ˵á Peter Weir: ޱķ˹ Robin Williams / ޲...;                            1989//                        ;                                ;                            "
ʨ/The Lion King/ʨ3D,桶ķء,8.9,"                            : Roger Allers / ޲ɷ Rob Minkoff: ɭ̩ա...;                            1994//  ð  ͥ                        ;                                ;                            "
ӵһ/ӤӤһ/Ե()  /  ӵһ(̨),ϷϷϷʡ,8.9,"                            : еҲ Tetsuya Nakashima: й Miki Nakatani / ̫ E...;                            2006/ձ/                         ;                                ;                            "
֮/The Sound of Music/ƮƮ()  /  (̨),ֻޣøá,8.9,"                            : Robert Wise: ³˹ Julie Andrews / ˹и...;                            1965//   ͥ                         ;                                ;                            "
˼/Mary and Max/ɿԵ  /  ˹,õѣΨһ ,8.9,"                            : Adam Elliot: ݡ Toni Collette / աĬ...;                            2009/Ĵ/                          ;                                ;                            "
ϵ֮/Cidade de Deus/֮ ()  /  ޷ (̨),ϵ˵ϵ֮ǡ,8.9,"                            : Ktia Lund / Fernando Meirelles: Alexandre Rodrigues / Lea...;                            2002/ /                         ;                                ;                            "
һһ/Yi yi  /  Yi yi: A One and a Two,Ƕһһ,8.9,"                            : ²:  /  Kelly Lee /  Elaine Jin;                            2000/̨ ձ/  ͥ                        ;                                ;                            "
/La grande vadrouille/ֱײΧ()  /  ̨),Զϲ硣,8.9,"                            :  Grard Oury: ·ס¡˹ Louis de Funs...;                            1966/ Ӣ/ϲ ս                        ;                                ;                            "
/Singin' in the Rain/  /  Ҵ,ǻҼƬ,8.9,"                            : Stanley Donen / Gene Kelly: Gene Kelly / Donald O'Connor / ...;                            1952//ϲ                          ;                                ;                            "
Сɭ ƪ/ȥե쥹 /Сɭʳ / ƪ(̨) ,,8.9,"                            : ɭһ Junichi Mori: ű Ai Hashimoto / ֹ Takahir...;                            2014/ձ/                        "
Сɭ ƪ/ȥե쥹 /Сɭʳ / ƪ(̨) ,,8.9,"                            : ɭһ Junichi Mori: ű Ai Hashimoto / ֹ Takahir...;                            2015/ձ/                        "
ʿ/Warrior/޵(̨)  /  ʿ(),Ѫڣ൱ȭ͡,8.9,"                            : ġŷŵ Gavin O'Connor: ķ Tom Hardy / Ƕ...;                            2011// ˶ ͥ                        ;                                ;                            "
ǹ/Dances with Wolves/ǹ,ʫ黳ʷʫƷ ,8.9,"                            : Kevin Costner: Kevin Costner / Mary McDonnell / Graham Greene;                            1990//ð                          ;                                ;                            "
Vֳɱ/V for Vendetta/Vɷ()  /  Vֿ(̨),һ߱,8.8,"                            : ղķ˹ظ James McTeigue:  Natalie Portm...;                            2005/ Ӣ ¹/  ƻ                         ;                                ;                            "
ƶǱ/ϥӤǯХɽ  /  ƶǱ,İշ衣,8.8,"                            : 鿥 Hayao Miyazaki: ǧ Chieko Baish / ľ...;                            2004/ձ/   ð                        ;                                ;                            "
/Love Letter/When I Close My Eyes  /  Letters of Love,ļ¡,8.8,"                            : Ҿ Shunji Iwai: ɽ Miho Nakayama / ᴨ˾ Ets...;                            1995/ձ/                         ;                                ;                            "
¸ҵ/Braveheart/δԵ()  /  ÷ѷ֮Ӣ۱ɫ(̨),ʷʫƬĵ䷶,8.8,"                            : ÷ɭ Mel Gibson: ÷ɭ Mel Gibson / շơ...;                            1995//   ʷ ս                        ;                                ;                            "
ħ/The Prestige/Ծ(̨)  /  ħ(),ս¡ǡ,8.8,"                            : ˹иŵ Christopher Nolan: ˹ٰ Christ...;                            2006/ Ӣ/                          ;                                ;                            "
ʦ/Ӥ/ʦ֮()  /  ʦ(̨),һţȥսᣬǳԽһ̡,8.8,"                            :  Yjir Takita: ľź Masahiro Motoki / ...;                            2008/ձ/                        ;                                ;                            "
ڿ͵۹/The Matrix/إɱ()  /  (̨),Ӿ,8.8,"                            : ϡ׿˹ Andy Wachowski / ȡ׿˹ Lana Wachowski...;                            1999/ Ĵ/ ƻ                        ;                                ;                            "
ȴ/Saving Private Ryan/ȱ()  /  ׶(̨),ᾫƬNo1.,8.8,"                            : ʷġ˹Ƥ Steven Spielberg: ķ˹ Tom Hanks...;                            1998// ʷ ս                        ;                                ;                            "
鹫/ΤΤ/ħ  /  Ů,Ȼսʷʫ,8.8,"                            : 鿥:  / ʯٺ / ԣ;                            1997/ձ/ ð                         ;                                ;                            "
/The Sixth Sense/  /  ,ĵĿֲϵĽ֡,8.8,"                            : Mءɳ M. Night Shyamalan: ³˹˹ Bruce Wi...;                            1999//  ֲ                        ;                                ;                            "
//()  /  ɣ,ٶţƵʱ⣬ҲȲһɵƵ¡ ,8.8,"                            :  Hyeong-Cheol Kang:  Eun-kyung Shim / Т Hy...;                            2011// ϲ                        ;                                ;                            "
֮/̤ιȤΥʥ/Ů  /  Kaze no tani no Naushika,Ƭʥ,8.8,"                            : 鿥 Hayao Miyazaki:  Sumi Shimamoto /  H...;                            1984/ձ/ƻ   ð                        ;                                ;                            "
/򤹤ޤ/֮  /  λýŮ,Ů黳ʫ,8.8,"                            : ϲ Yoshifumi Kondo:  Youko Honna / Сֹ K...;                            1995/ձ/                           ;                                ;                            "
ȼ/Legends of the Fall/մ  /  氮һ(̨),棬ÿ˶ӵС,8.8,"                            : » Edward Zwick: ᡤս˹ Anthony Hopki...;                            1994//   ͥ                        ;                                ;                            "
ĩʵ/The Last Emperor/ĩʵ(),ҪұȲңұҡʺⲿӰˡ,8.8,"                            : ɶࡤ³ Bernardo Bertolucci:  John Lone / ...;                            1987/ й½ Ӣ /  ʷ                        ;                                ;                            "
˯µк/The Boy in the Striped Pajamas/·к  /  µк,ЩʵʵĻ룬ⲿӰһ˷θļ,8.8,"                            : ˡ Mark Herman: ɳطƶ Asa Butterfield / ...;                            2008/Ӣ / ս                        ;                                ;                            "
/Waterloo Bridge/¬  /  Ų,йʽڵӰ,8.8,"                            : Mervyn LeRoy: Vivien Leigh / Robert Taylor / Lucile Watson;                            1940// ս                         ;                                ;                            "
¬ﷹ/Hotel Rwanda/¬ﷹ(̨),˫ۣȴ˻,8.8,"                            :  Terry George: ơǮ¶ Don Cheadle / շơ...;                            2004/Ӣ Ϸ  / ʷ ս                        ;                                ;                            "
/ѥץꥫ/̽  /  ,εĹᡣ,8.8,"                            :  Satoshi Kon: ԭ Megumi Hayashibara / Źȳ T...;                            2006/ձ/  ƻ                         ;                                ;                            "
ɽķ/I Am Sam/һİְ()  /  Ұְ(̨),Ҫ ,8.8,"                            : 硤ɭ Jessie Nelson: Sean Penn / Dakota Fanning / Mi...;                            2001// ͥ                        ;                                ;                            "
ϵ/Taare Zameen Par/еС(̨)  /  ÿһӶر,ʹ¼ʼĩ,8.8,"                            : ׶ Aamir Khan / Ī Amole Gupte: ϯ...;                            2007/ӡ/ ͯ ͥ                        ;                                ;                            "
/Psycho/񲡻  /  Ŀ,µķת뷴תѵӰʼ档,8.8,"                            : Alfred Hitchcock: Janet Leigh / Anthony Perkins / Vera Miles;                            1960// ֲ                        ;                                ;                            "
δĲ/Perfect Blue/ɫĿ־  /  ɫ־,õľ籾ǣµ˽Ҳ²ȫ,8.8,"                            :  Satoshi Kon:  Junko Iwao / ɱ Rica Matsu...;                            1997/ձ/                          ;                                ;                            "
߸ֺ/Prince Nezha's Triumph Against Dragon King  /  Nezha nao hai,ʱֺ,8.8,"                            : ϶ Dingxian Yan /  Shuchen Wang:  /  ...;                            1979/й½/ð                          ;                                ;                            "
˾֮/Jiro Dreams of Sushi/ɵ˾  /  μ˾Ĵ,ʽĿ񻶣ƫִʤ,8.8,"                            : ְ David Gelb: СҰ  Jiro Ono / СҰһ Yoshik...;                            2011//¼Ƭ                        ;                                ;                            "
ʹ/Le fabuleux destin d'Amlie Poulain/(̨)  /  ʹ,ʽС¡ ,8.7,"                            : Jean-Pierre Jeunet: ͼ Audrey Tautou / ޡ...;                            2001/ ¹/ϲ                         ;                                ;                            "
/Se7en/׷  /  7,ץС͵è,8.7,"                            :  David Fincher: Ħ Morgan Freeman / ...;                            1995//                           ;                                ;                            "
ְ»/Edward Scissorhands/úԵ()  /  ְ»,ĳͯ,8.7,"                            : Tim Burton: Լᡤ Johnny Depp / ޱŵȡ Winona ...;                            1990//                          ;                                ;                            "
С˵/Pulp Fiction/ɫ׷(̨)  /  Σ(),µĸ߼,8.7,"                            : ͡׵ŵ Quentin Tarantino: Լֶ John Tra...;                            1994// ϲ                         ;                                ;                            "
ЧӦ/The Butterfly Effect/ЧӦ,˵˱Լ˲ľı䡣,8.7,"                            : ˡ˹ Eric Bress / J³ J. Mackye Gruber...;                            2004/ ô/  ƻ                         ;                                ;                            "
Ĭĸ/The Silence of the Lambs/Ĭĸ,ᡤս˹Ķݡ,8.7,"                            : Jonathan Demme: Jodie Foster / Anthony Hopkins / Scott Glenn;                            1991//                          ;                                ;                            "
Ͷ/The Curious Case of Benjamin Button/Ե()  /  ϻͯ,ʱ֮ˮ֮ࡣ,8.7,"                            :  David Fincher: ء Cate Blanchett / ...;                            2008//                          ;                                ;                            "
˵/Malna/氮(̨)  /  ,,8.7,"                            : 塤ɶ Giuseppe Tornatore: Īݿ³ Monica ...;                            2000/ / ս ɫ                        ;                                ;                            "
鲶/Good Will Hunting/()  /  鲶,ӦӵһλȻʡ,8.7,"                            : ˹ɣ Gus Van Sant: ء Matt Damon / ޱ...;                            1997//                        ;                                ;                            "
õ/In the Heat of the Sun,һ,8.7,"                            :  Wen Jiang:  Yu Xia /  Jing Ning / պ Hong Tao;                            1994/й½ /                        ;                                ;                            "
ӵ/ӵһ  /  ,ҷ뷭룬TMDľϲ,8.7,"                            :  Wen Jiang:  Wen Jiang /  You Ge /  Yun-F...;                            2010/й½ / ϲ                          ;                                ;                            "
/Big Fish/Ե()  /  (̨),ŵҸģȥǲġ,8.7,"                            : Tim Burton: Ewan McGregor / Albert Finney / Billy Crudup;                            2003// ͥ  ð                        ;                                ;                            "
Ӣ۴֮/mӢۂ|/  /  Ӣ (ձ),ٿᡣ ,8.7,"                            : ΰ Jeffrey Lau: ΰ Tony Leung Chiu Wai / ϼ Bri...;                            1993//ϲ װ                        ;                                ;                            "
էй/է/һ  /  Happy Together,Ůһ¡,8.7,"                            : : Ź / ΰ / ;                            1997/ ձ /  ͬ                        ;                                ;                            "
/Comrades: Almost a Love Story,ֻҪһ˲䣬ȴȴһӡ,8.7,"                            : ¿ Peter Chan:  Leon Lai /  Maggie Cheung / ...;                            1996//                         ;                                ;                            "
ө֮Ĺ/𴹤Ĺ/ټө()  /  ө,ҸϢȴԴԶ ,8.7,"                            : xѫ Isao Takahata: Ŭ / ʯ / ־ԭ;                            1988/ձ/  ս                        ;                                ;                            "
ǰ/Before Sunrise/()  /  ʱ(̨),ԵǸʣһ˲,8.7,"                            : ¡ֿ Richard Linklater: ɣ Ethan Hawke ...;                            1995/ µ ʿ/                         ;                                ;                            "
ƻʱ/Before Sunset/()  /  ʱ(̨),ط׺εĽû˼¶ɬɣů,8.7,"                            : ¡ֿ Richard Linklater: ɣ Ethan Hawke ...;                            2004//                         ;                                ;                            "
˹󷹵/The Grand Budapest Hotel/˹Ƶ()  /  ӭ˹󷹵(̨),СµĹע˴ʷ黳,8.7,"                            : Τ˹ɭ Wes Anderson: 򡤷˹ Ralph Fiennes / ...;                            2014/ ¹ Ӣ/ ϲ                        ;                                ;                            "
èϷ/Catch Me If You Can/ң  /  (̨),ƭӴʦִ̽׷ܹ¡ ,8.7,"                            : ʷġ˹Ƥ Steven Spielberg: ɶࡤϿ L...;                            2002/ ô/                          ;                                ;                            "
ѱ/How to Train Your Dragon/ѱ(),г벻ͷ뱻ͷ,8.7,"                            : ϶²˹ Dean DeBlois / ˹ɣ˹ Chris Sanders:...;                            2010//ϲ   ð ͥ                        ;                                ;                            "
/Detachment/˼ʦ(̨),һҪѧģǱ˴ӵ,8.7,"                            : ᡤҮ Tony Kaye: ﰲ Adrien Brody / ...;                            2011//                        ;                                ;                            "
Ӱ3/The Bourne Ultimatum/ѵ׷3ͨ()  /  ֤ͨ (̨),մһɴĵӰ,8.7,"                            : ޡָ˹ Paul Greengrass: ء Matt Damon / ...;                            2007/ ¹/  ð                        ;                                ;                            "
մɵ/մɤ/Kikujir no natsu  /  մɵ,ûôåᣬûôå,8.7,"                            : Ұ Takeshi Kitano: Ұ Takeshi Kitano / ؿ۽ Yus...;                            1999/ձ/ ϲ                        ;                                ;                            "
趫С˰򰣵/ꤰ餷Υꥨåƥ/Ů(̨)  /  趫Сǵ(),ǶûΪһӵļ䡣,8.7,"                            : ֺ Hiromasa Yonebayashi: ־δ Mirai Shida / ľ...;                            2010/ձ/  ð                        ;                                ;                            "
ԭʼ/The Croods/³( / ̨) ,ٽˣǺ붯,8.7,"                            : ƿˡ¡׿ Kirk De Micco / ˹ɣ˹ Chris Sanders...;                            2013//ϲ  ð                        ;                                ;                            "
ʧİ/Gone Girl/ʧٵŮ  /  ʧŮ,,8.7,"                            :  David Fincher:  Ben Affleck / ɯ...;                            2014//                           "
ֱֲ/  /()  /  ֱֲ(̨),ֲӵġմ˾,8.7,"                            :  Byeong-woo Kim:  Jung-woo Ha / Z Kyeong-y...;                            2013//                          ;                                ;                            "
Ӣ۱ɫ/A Better Tomorrow  /  Gangland Boss,Ӣֵ̣鳤 ,8.7,"                            : ɭ John Woo:  Yun-Fat Chow /  Lung Ti / Ź...;                            1986//                         ;                                ;                            "
̸3/The Godfather: Part III/̸  /  ̸ III,κ޷ıˡ,8.7,"                            : ˹ءƲ Francis Ford Coppola: ŵ A...;                            1990//                         ;                                ;                            "
ϲ/The Wedding Banquet,йͥϲŭ̡,8.7,"                            : : u /  / ÷;                            1993/̨ / ϲ  ͬ ͥ                        ;                                ;                            "
ܶԱ3/Toy Story 3/3()  /  ߵĹ3,ʮĻˮ,8.7,"                            :  Lee Unkrich: ķ˹ Tom Hanks / ķ...;                            2010//ϲ   ð                        ;                                ;                            "
ݺĺ/ĺ/Once a Thief,徯˶Ƭ۷֮,8.7,"                            : ɭ John Woo:  Yun-Fat Chow / Ź Leslie Cheung...;                            1991// ϲ                          ;                                ;                            "
ө֮ɭ/ζŤ/ө֮  /  Hotarubi no mori e,ˡ,8.7,"                            : ɭ Takahiro Omori:  / ɽ Koki Uchiyama;                            2011/ձ/                           ;                                ;                            "
˳/Die Welle/ħ(̨)  /  (),ֻ졣,8.7,"                            : ˹ Dennis Gansel: ȶָ Jrgen Vogel ...;                            2008/¹/                         ;                                ;                            "
̺/Le grand bleu/̺  /  ҹ,ƬУԴ󺣵˼įɡ,8.7,"                            : Luc Besson: Jean-Marc Barr / Jean Reno / Rosanna Arquette;                            1988/  /                         ;                                ;                            "
//Rashomon,Nֿԡ,8.7,"                            :  Akira Kurosawa:  Toshir Mifune / ǧʵ ...;                            1950/ձ/                          ;                                ;                            "
֮/Requiem for a Dream/ج(̨)  /  (),һûдجΡ,8.7,"                            : סŵ˹ Darren Aronofsky: ס˹͡ Ellen Bur...;                            2000//                        ;                                ;                            "
һα/   /־ӷ籩(̨)  /  ʽ־(),ֻ˲˵ʵࡣ,8.7,"                            : ˹  Asghar Farhadi:  Leila Hatami /...;                            2011// ͥ                        ;                                ;                            "
漣/The Green Mile/ɫ漣(̨)  /  ɫӢ,ʹʱ뿪,8.7,"                            : Frank Darabont: ķ˹ Tom Hanks / Ħ˹ David M...;                            1999//                           ;                                ;                            "
/Relatos salvajes/Ĺ  /  ץС(̨),,8.7,"                            : Damin Szifron: ￨š Ricardo Darn / ...;                            2014/͢ / ϲ                         "
ĩ·/Thelma & Louise/·˿  /  ĩ·,û·ֻ÷ɡ,8.7,"                            : ׵˹ Ridley Scott: ȡά˹ Geena Davis / ...;                            1991/ /                          ;                                ;                            "
ɱ¼/X¼/A Brighter Summer Day,͸ߵһ,8.7,"                            : ² Edward Yang:  Chen Chang /  Lisa Yang / ...;                            1991/̨/                         ;                                ;                            "
޵ƻ/Wreck-It Ralph/ƻ  /  ƻð,ʿƤ˹ô籾Ĳ,8.7,"                            : 桤Ī Rich Moore:  Jane Lynch / ԼC ...;                            2012//ϲ  ð                        ;                                ;                            "
һ/The Life of David Gale/  /  һ,Ȩֻһ㲻ΪĲ̡,8.7,"                            : Alan Parker: ġʷ Kevin Spacey / ء˿ Kat...;                            2003/ ¹ Ӣ/                          ;                                ;                            "
복վ/Central do Brasil/ǧһ  /  Central Station,ꡣ,8.7,"                            : Walter Salles: Fernanda Montenegro / Marlia Pra / Vin...;                            1998/ /                        ;                                ;                            "
ǧһ/Gattaca/ɷ  /  Ȼ,һ˼Ŀƻ־Ƭ,8.7,"                            : ³ƶ Andrew Niccol: ɣ Ethan Hawke / ...;                            1997// ƻ                        ;                                ;                            "
ҹǰ/Before Midnight/ҹϣʱ(̨)  /  Լ(),ν飬ǻһ·巳˴,8.7,"                            : ¡ֿ Richard Linklater: ɣ Ethan Hawke ...;                            2013//                         ;                                ;                            "
ɭ/cɭ/Chungking Express,įûޡ,8.6,"                            :  Kar Wai Wong: ϼ Brigitte Lin /  Takeshi K...;                            1994//                         ;                                ;                            "
յ/Shutter Island/⵺()  /  뵺(̨),꣬մ󸹱㡣,8.6,"                            : Martin Scorsese: ɶࡤϿ Leonardo DiCaprio / ...;                            2010//                          ;                                ;                            "
ID/Identity/ɱϷ  /  ,ܵǸԶܵġ,8.6,"                            : James Mangold: John Cusack / Ray Liotta / Amanda Peet;                            2003//                          ;                                ;                            "
/԰  /  ĸ,ûһȫƣҲûһȫ,8.6,"                            : еҲ Tetsuya Nakashima: ¡ Takako Matsu / ｫ ...;                            2010/ձ/                         ;                                ;                            "
ձȺ/Pirates of the Caribbean: The Curse of the Black Pearl/ձȺ1ŵ  /  溽ħ(̨),ԼᡤյĶϷ,8.6,"                            : ά˹ Gore Verbinski: Լᡤ Johnny Depp / ...;                            2003// ð                         ;                                ;                            "
/Avatar/·  /  ,ϵۼ,8.6,"                            : ղķ˹÷¡ James Cameron: ķ Sam Worthington ...;                            2009/ Ӣ/ ð  ƻ                        ;                                ;                            "
ϱɽ/Brokeback Mountain/ϱɽ,ÿжһϱɽ,8.6,"                            :  Ang Lee: ϣ˹ Heath Ledger / ܿˡ׹ Jake...;                            2005/ ô/  ͬ ͥ                        ;                                ;                            "
Ҹյվ/The Terminal/վ()  /  վԵ(̨),ʱҸҪһȡ ,8.6,"                            : ʷġ˹Ƥ Steven Spielberg: ķ˹ Tom Hanks...;                            2004//ϲ                          ;                                ;                            "
ħʯ/Harry Potter and the Sorcerer's Stone/1صħʯ( / ̨) ,ͯĿˡ,8.6,"                            : Chris Columbus: Daniel Radcliffe / Emma Watson / Rupert Grint;                            2001/ Ӣ/ ð                        ;                                ;                            "
⾪/Saw/  /  ־嶷,ǰ,8.6,"                            : ղķ˹ James Wan: סɶ Leigh Whannell / ...;                            2004/ Ĵ/                          ;                                ;                            "
/Rain Man/δ  /  ,ԼҲΧԵÿЦС,8.6,"                            : ɭ Barry Levinson: ˹͡ Dustin Hoffman ...;                            1988//                        ;                                ;                            "
͵/q͵/1969̫  /  Echoes Of The Rainbow,ţտ׷,8.6,"                            :  Alex Law:  Sandra Ng / δﻪ Simon Yam / ...;                            2010/ й½/ ͥ                        ;                                ;                            "
ٻŮĻ/ٻŮĻ(87)  /  A Chinese Ghost Story,ž ,8.6,"                            : С Siu-Tung Ching: Ź Leslie Cheung /  Joey W...;                            1987//   װ                        ;                                ;                            "
а/|а/Ashes of Time,Ӱʫ,8.6,"                            :  Kar Wai Wong: Ź Leslie Cheung /  Maggie C...;                            1994/ ̨/    װ                        ;                                ;                            "
"޵˾/Monsters, Inc./޹˾()  /  ﹫˾",Ҫ֣־иˡ,8.6,"                            : ء Pete Docter / ˹ David Silverman: Լ...;                            2001//ϲ  ͯ                         ;                                ;                            "
ɱ˻/ /ıɱ  /  ɱֻ¼,ɱļ䡣,8.6,"                            :  Joon-ho Bong: ο Kang-ho Song /  Sang-kyun...;                            2003//                           ;                                ;                            "
ԽʱյŮ/r򤫤Ů/ԾɣʱŮ(̨)  /  Toki o kakeru shjo,δ㡣 ,8.6,"                            : ϸ Mamoru Hosoda: ɴ Riisa Naka / ʯ׿Ҳ Takuya...;                            2006/ձ/  ƻ                         ;                                ;                            "
˹/Artificial Intelligence: AI/AI˹ǻ,԰ִţԳԽһС,8.6,"                            : ʷġ˹Ƥ Steven Spielberg: ǡ˹ Haley...;                            2001//ð  ƻ                        ;                                ;                            "
ײ/Crash/ЧӦ  /  ײ,ʹħĳײ,8.6,"                            : ޡ˹ Paul Haggis: ɣ Sandra Bullock / ...;                            2004/ ¹/                         ;                                ;                            "
ʥ()/Harry Potter and the Deathly Hallows: Part 2/7ʥ2( / ̨) ,10㡣,8.6,"                            : Ҷ David Yates: ׵¿ Daniel Radcliffe...;                            2011/ Ӣ/   ð                        ;                                ;                            "
7ŷ/7 /ֵ()  /  7,ɽķġ,8.6,"                            :  Hwan-kyeong Lee:  Seung-yong Ryoo / Ż Shi...;                            2013// ϲ ͥ                        ;                                ;                            "
ɿ/Kekexili: Mountain Patrol,Ӳ,8.6,"                            : ½ Chuan Lu: ಼ Duobujie /  Lei Zhang /  Qi L...;                            2004/й½ /                         ;                                ;                            "
̨/The Boat That Rocked/λ˹()  /  粨,ֹҡ,8.6,"                            : ¡µ˹ Richard Curtis: ȶ Bill Nighy / ...;                            2009/Ӣ ¹ / ϲ                         ;                                ;                            "
Թ/  /  The Coffin in the Mountain,,8.6,"                            :  Yukun Xin:  Weimin Huo / Ц Xiaotian Wang ...;                            2014/й½/                          "
½ս/Big Hero 6/Ӣ()  /  Ӣ(̨),,8.6,"                            : ơ Don Hall / ˹ķ˹ Chris Williams: ˹...;                            2014//ϲ  ƻ  ð                        "
Ұ/Into the Wild/˵()  /  ˹֮(̨),űرݸĿ,8.6,"                            :  Sean Penn: ׶˹ Emile Hirsch / 櫡...;                            2007//ð                          ;                                ;                            "
ʱ/About Time/ʱ  /  صһ(),ÿ쵱һϧȹӵҸ,8.6,"                            : ¡µ˹ Richard Curtis: ķɶɭ Domhnall Gl...;                            2013/Ӣ/                          ;                                ;                            "
β/ƥ/Swallowtail Butterfly  /  Suwarteiru,ʵͯӳó̡,8.6,"                            : Ҿ Shunji Iwai: ϲʷ / ǡ / ٲ;                            1996/ձ/                         ;                                ;                            "
/Casablanca/ǵӰ()  /  ,ͬ޹ء,8.6,"                            : Michael Curtiz: ล Humphrey Bogart / Ӣ...;                            1942//  ս                        ;                                ;                            "
ҵһ/Front of the Class/а  /  վڽǰ,ֹ۱һж,8.6,"                            : ˵áά Peter Werner: ղķ˹ֿ James Wolk / ء...;                            2008//                         ;                                ;                            "
˹Ҿֲ/Dallas Buyers Club/()  /  ҩֲ(̨),Jared LetoȱŮ˻,8.6,"                            : -ˡ Jean-Marc Valle: ޡ Matthew McCon...;                            2013//  ͬ                        ;                                ;                            "
ǳɷ/The Usual Suspects/̼(̨)  /  ͨɷ,ҲϵۣҾηϵۡ,8.6,"                            :  Bryan Singer: ʷٷҡ Stephen Baldwin /...;                            1995/¹ /                           ;                                ;                            "
ϵҲ/The Gods Must Be Crazy/Ҳ ()  /  ϵһ (),ԭʼЦж,8.6,"                            : Jamie Uys: Marius Weyers / Sandra Prinsloo / N!xau;                            1980/ Ϸ/ϲ                        ;                                ;                            "
ѹ/Whiplash/Ķ()  /  Ĺ(̨),,8.6,"                            : װɳ Damien Chazelle: ˹ Miles Teller /...;                            2014//                         "
/Le Papillon/The Butterfly,ǳ;ѰҵĶпһֱߡ ,8.6,"                            : ա Philippe Muyl: Ъ Michel Serrault ...;                            2002// ͯ ϲ                        ;                                ;                            "
/Le petit Nicolas/С(̨)  /  С(),İٻķ档,8.6,"                            : Laurent Tirard: ķ Maxime Godart / ...;                            2009/ ʱ/ͯ ϲ ͥ                        ;                                ;                            "
ǹ//The Mission,һȺݼտϷǣ׳һµĺڰСƷɾͶȺϷ۷֮,8.6,"                            :  Johnnie To:  Francis Ng / δﻪ Simon Yam / ...;                            1999//                          ;                                ;                            "
һ/What's Eating Gilbert Grape/  /  ʲôżء,ѷ죬յý,8.6,"                            : ˹ķ Lasse Hallstrm: Լᡤ Johnny De...;                            1993//  ͥ                        ;                                ;                            "
͵̰/Despicable Me/ɵ  /  (),Mr. I Don't CareʵҲCareʱ,8.5,"                            : Ƥ· Pierre Coffin / ˹ɵ Chris Renaud: ...;                            2010//ͯ ϲ                         ;                                ;                            "
氮/Love Actually/(̨)  /  (),Ǹʡ,8.5,"                            : ¡µ˹ Richard Curtis: ݡ Hugh Grant / ...;                            2003/Ӣ  /ϲ                          ;                                ;                            "
ƶߵİ/Slumdog Millionaire/ƶ(̨)  /  һһҹ(),ϵ֮+»++Ĵǵ=ɽկ,8.5,"                            : ᡤ Danny Boyle / ܽա̹ Loveleen Tandan: ...;                            2008/Ӣ /                         ;                                ;                            "
Ƭ/Memento/ʧ  /  ƴͼ,һѪ,8.5,"                            : ˹иŵ Christopher Nolan: ǡƤ˹ Guy Pearce /...;                            2000//                           ;                                ;                            "
»/Trainspotting/Իг  /  λĻ,ɲµഺԵѡ ,8.5,"                            : ᡤ Danny Boyle: ˸׸ Ewan McGregor / ...;                            1996/Ӣ/                         ;                                ;                            "
ʼǱ/The Notebook/ռ  /  д,ûôڣԲֻ˵Ĳ ,8.5,"                            : ˡά Nick Cassavetes: ˹ Ryan Gosling /...;                            2004//                         ;                                ;                            "
/Black Swan/  /  (),ڰ֮,8.5,"                            : סŵ˹ Darren Aronofsky:  Natalie P...;                            2010//                         ;                                ;                            "
ʶ/The Reader/Ϊʶ(̨)  /  (),ԽĽޣƺܱøԶһ㣬ΪһΣһˮɵĭ ,8.5,"                            : ʷٷҡ Stephen Daldry: ء˿ Kate Winslet ...;                            2008/ ¹/                         ;                                ;                            "
ս֮/Lord of War/֮(̨ / ) ,һñҪӡ,8.5,"                            : ³ƶ Andrew Niccol: ˹ Nicolas Cage /...;                            2005/ /                         ;                                ;                            "
Ӱ2/The Bourne Supremacy/ѵ׷2Ȧ()  /  ֤(̨),˭˵ͷܻΣ,8.5,"                            : ޡָ˹ Paul Greengrass: ء Matt Damon / ...;                            2004/ ¹/  ð                        ;                                ;                            "
Ӱ/The Bourne Identity/ѵ׷()  /  ֤(̨),꣬ڿԼ,8.5,"                            :  Doug Liman: ء Matt Damon / ̹...;                            2002/ ¹ ݿ/  ð                        ;                                ;                            "
/Days of Being Wild,һַŹһ,8.5,"                            :  Kar Wai Wong: Ź Leslie Cheung /  Maggie C...;                            1990//                          ;                                ;                            "
´/The Rock/ʯ쾪  /  ,Ƭļ¡ ,8.5,"                            : ˶ Michael Bay: Ф Sean Connery / ...;                            1996// ð                        ;                                ;                            "
ڰʿ/The Dark Knight Rises/ǰ3ڰʿ  /  ڰʿ(̨),ŵǱ֤,8.5,"                            : ˹иŵ Christopher Nolan: ˹ٰ Christ...;                            2012/ Ӣ/  ƻ                          ;                                ;                            "
Ե/The Man from Earth/()  /  ԶѨ,ƻӾЧȡġ ,8.5,"                            : ¡ɳ Richard Schenkman: ʷ˹ David ...;                            2007// ƻ                        ;                                ;                            "
ٴγ֮ŦԼ/Begin Again/ٴγ  /  ı,Ҿ͸ҿĲб,8.5,"                            : Լ John Carney:  Keira Knightley / ...;                            2013//ϲ                          ;                                ;                            "
E.T. /E.T.: The Extra-Terrestrial/E.T.  /  ,E.T.Ƥɫӱ,8.5,"                            : Steven Spielberg: Henry Thomas / Dee Wallace / Robert MacNa...;                            1982// ƻ  ð                        ;                                ;                            "
ս2/Terminator 2: Judgment Day/ս2  /  ս2ĩ,ټĳԽײƬеľ䡣,8.5,"                            : ղķ˹÷¡ James Cameron: ŵʩ Arnold Schwarz...;                            1991/ / ƻ                        ;                                ;                            "
ȵĽ/Django Unchained/ŵĽ  /  ɱ(̨),ѪڣǸסԸе޳ܻ쵰ˡ,8.5,"                            : ͡׵ŵ Quentin Tarantino: ס˹ Jamie Foxx /...;                            2012//   ð                        ;                                ;                            "
ڿ͵۹3/The Matrix Revolutions/ƪս  /  إɱ3,ò˵ڿ͵۹ϵҵƬƻáѧϵĵ䷶,8.5,"                            : Andy Wachowski / Larry Wachowski: Keanu Reeves / Laurence F...;                            2003/ Ĵ/ ƻ                        ;                                ;                            "
󶵹//󶵵Ĺ  /  My Life as McDull,һֻѧ ,8.5,"                            : Ԭ Toe Yuen: γ / ֺ Jan Lamb /  Sandra Ng;                            2001// ϲ                         ;                                ;                            "
Ը嵥/The Bucket List/תǰ()  /  һ·浽(̨),ʣ಻ʱ䣬ȥȼ,8.5,"                            : ޲ Rob Reiner: ܿˡƶɭ Jack Nicholson / Ħ...;                            2007//ð ϲ                         ;                                ;                            "
Ѫ/Blood Diamond/Ѫʯ  /  Ѫʯ,ÿﱳǵѪʵ,8.5,"                            : Edward Zwick: Leonardo DiCaprio / Jennifer Connelly / Djimo...;                            2006/ ¹/  ð                        ;                                ;                            "
͵ƭ/Snatch/߸ҽ()  /  Ӷ,͸ǡʽӢɫĬڰƬ,8.5,"                            : ǡ Guy Ritchie: ¡Ƥ Brad Pitt / ¡...;                            2000/Ӣ /ϲ                         ;                                ;                            "
/Moon/½()  /  įӰ,2009ھһƻ,8.5,"                            : ˿ϡ˹ Duncan Jones: ɽķ Sam Rockwell / ...;                            2009/Ӣ/ ƻ                         ;                                ;                            "
ģϷ/The Imitation Game/ģϷ  /  Ϸ,,8.5,"                            : Īڡ̩ķ Morten Tyldum: Ͽء Benedict C...;                            2014/Ӣ /  ս ͬ                        "
/The Bridges of Madison County/ѷ֮( / ̨),ȷеİһֻһΡ,8.5,"                            : Clint Eastwood: Clint Eastwood / Meryl Streep / Annie Corley;                            1995//                         ;                                ;                            "
ƫ/Pride & Prejudice/ƫ2005  /  Pride And Prejudice,Ǳƫ֮⡣,8.4,"                            : ǡ Joe Wright:  Keira Knightley / ޡ...;                            2005/ Ӣ /                         ;                                ;                            "
ˮ/Perfume: The Story of a Murderer/ˮһɱ˷Ĺ  /  ˮһıɱĹ,һƾﵽ߳ˡ,8.4,"                            : ķ Tom Tykwer: Ф Ben Whishaw / ס...;                            2006/¹   /                          ;                                ;                            "
ʱ/Ice Age/  /  ԭռ,ǽǶ,8.4,"                            : ˹ɳ Carlos Saldanha / ˹Τ Chris Wedge...;                            2002//ϲ  ð                        ;                                ;                            "
ϲ֮/ϲKing of Comedy,һԱ,8.4,"                            : ǳ Stephen Chow /  Lik-Chi Lee: ǳ Stephen Ch...;                            1999//ϲ                          ;                                ;                            "
5/5ȥ/  /  5,ഺǷͻ,8.4,"                            : º Makoto Shinkai: ˮж Kenji Mizuhashi / ٺ ...;                            2007/ձ/                          ;                                ;                            "
껪/A/In the Mood for Love,͵鱾û,8.4,"                            :  Kar Wai Wong: ΰ Tony Leung Chiu Wai /  Ma...;                            2000/ /                         ;                                ;                            "
ħŮլ/ħŮլ/ħŮ(̨)  /  СħŮʱר,鿥ĵӰ˸оõģĵġ,8.4,"                            : 鿥 Hayao Miyazaki: ɽ / ü / ɽʤƽ;                            1989/ձ/  ð                        ;                                ;                            "
Ӣ/The English Patient/Ӣ(̨)  /  ˭(),"In memory, love lives forever...",8.4,"                            : ᡤ Anthony Minghella: 򡤷˹ Ralph Fien...;                            1996/ Ӣ/  ս                        ;                                ;                            "
/Face/Off/˫,ķ¡ī˿,8.4,"                            : ɭ John Woo: Լֶ John Travolta / ˹...;                            1997// ƻ                         ;                                ;                            "
/A Clockwork Orange/  /  ,ȫˡ,8.4,"                            : Stanley Kubrick: Malcolm McDowell / Patrick Magee / Michael...;                            1971/Ӣ /  ƻ                        ;                                ;                            "
/American Beauty/()  /  ġõ(̨),ÿ˵ĶɲĴ󺣡 ,8.4,"                            : ķŵ˹ Sam Mendes: ġʷ Kevin Spacey / ...;                            1999// ͥ                        ;                                ;                            "
ſջ/ԿͣNew Dragon Gate Inn,Цŭ綯¡,8.4,"                            :  Raymond Lee:  Maggie Cheung / ϼ Brigitte ...;                            1992/ й½/   װ                        ;                                ;                            "
/Green Snake,ˣ˹˭ԣ˰鳤̡˭ǲİˡ,8.4,"                            :  Hark Tsui:  Maggie Cheung /  Joey Wang / ...;                            1993//  װ                        ;                                ;                            "
޳ܻ쵰/Inglourious Basterds/ع(̨)  /  ϣħײɱ˿(),ͬ͡ѧԽԽ̬ˣȱҰ仹塣,8.4,"                            : Quentin Tarantino: ¡Ƥ Brad Pitt / ÷ᡤ M...;                            2009/ ¹/                         ;                                ;                            "
ůůں/Eternal Sunshine of the Spotless Mind/ں  /  ,һ񾭵ðաʧȥ䣬Ҳᰮ㡣,8.4,"                            : Ъ Michel Gondry: 𡤿 Jim Carrey / ء...;                            2004//                          ;                                ;                            "
ĵ/Cast Away/ƽ(̨)  /  ٺ(),һ˵ĶϷ,8.4,"                            : ޲ء׼˹ Robert Zemeckis: ķ˹ Tom Hanks / ...;                            2000//ð                         ;                                ;                            "
֮/Sin City/  /  ,ȨǹӵȨԻԡ,8.4,"                            : ˡ Frank Miller / ޲ء޵ Robert Rodriguez...;                            2005//                          ;                                ;                            "
Ƕʿ/Gladiator/۹()  /  սʿ(̨),޳ѻȸþͣС,8.4,"                            : Ridley Scott: Russell Crowe / Joaquin Phoenix / Connie Nielsen;                            2000/Ӣ /  ʷ ð                        ;                                ;                            "
äȮСQ//ټˣ³  /  Quill,ڻ˵Ĺ¶,8.4,"                            : һ Yoichi Sai: С޹ / ׵ƽ / 㴨֮;                            2004/ձ/                        ;                                ;                            "
Ʋ/Ʋc/Flirting Scholar,̫ʦǻƣĴ֮һ,8.3,"                            :  Lik-Chi Lee: ǳ Stephen Chow /  Li Gong / ...;                            1993//ϲ  װ                        ;                                ;                            "
ֲ/Triangle/Ѫm(̨)  /  ֻ,ҪͼظѰѾʧȥİ,8.3,"                            : ˹иʷ˹ Christopher Smith: ÷ɯ Melissa ...;                            2009/Ӣ Ĵ/                          ;                                ;                            "
º/Mulholland Dr./º(̨)  /  ʧ(),ξԹ,8.3,"                            :  David Lynch: Ȱסִ Naomi Watts / ...;                            2001/ /                          ;                                ;                            "
Դ/Source Code/ԭʼ(̨)  /  Σ(),˿ϡ˹̡֮ٶȷ׳һʾ׵Ŀƻü,8.3,"                            : ˿ϡ˹ Duncan Jones: ܿˡ׹ Jake Gyllenhaal / ...;                            2011/ ô/  ƻ                          ;                                ;                            "
/Once/һ()  /  Ψһ(̨),ЩҸ޹ذ顣,8.3,"                            : Լ John Carney: ס Glen Hansard / ...;                            2006//                          ;                                ;                            "
ҹѪ/Interview with the Vampire: The Vampire Chronicles/Ѫ,Ѫš,8.3,"                            : ǵ Neil Jordan: ¡Ƥ Brad Pitt / ķ³...;                            1994//                          ;                                ;                            "
ݽ/The King's Speech/޻()  /  ֮սʱ(̨),޻,8.3,"                            : ķ Tom Hooper: ֡ƶ˹ Colin Firth / ܸ...;                            2010/Ӣ Ĵ /  ʷ                        ;                                ;                            "
//֮  /  ޹㳡,Ѱĵףаϣ,8.3,"                            :  Chukiat Sakveerakul: άά˹ء...;                            2007/̩/  ͬ ͥ                        ;                                ;                            "
ɫ/ɫ/Blue Gate Crossing  /  ɫ,ഺ˽ ,8.2,"                            :  Chih-yen Yee: þ Lunmei Kwai / ° Bo-lin Che...;                            2002/̨ /  ͬ                        ;                                ;                            "
С/.../ǼС()  /  ǵС,СѼЧ׼ǡ,8.2,"                            : Puttipong Promsaka Na Sakolnakorn / Wasin pokpong: ¡...;                            2010/̩/ϲ                         ;                                ;                            "
С޲/Jeux d'enfants/Ұ  /  Ϸ,"Love me, if you dare. ",8.2,"                            :  Yann Samuell: Լķ Guillaume Canet / ...;                            2003/ ʱ/ϲ                          ;                                ;                            "
ʯͷ/Crazy Stone,й桶˴ǹ,8.2,"                            :  Hao Ning:  Tao Guo /  Hua Liu /  Teddy Lin;                            2006/й½ /ϲ                         ;                                ;                            "
簮//ɲԵ  /  Ե,ں̰档,8.2,"                            :  Jae-young Kwak:  Ye-jin Son / ܳ Seung-woo...;                            2003//                         ;                                ;                            "